Deciles,pred_total_spend,actual_total_spend
9,816.070134774174,916.6898586666667
8,611.3712616841963,694.6741589041101
7,532.4230620538697,600.266994805195
6,467.6769928923968,560.4533653333336
5,415.36637324424606,509.7032826666668
4,373.4342948528188,406.88531733333343
3,336.3857152823519,378.6130285714287
2,311.0457379136077,334.85019869281035
1,278.0547348837213,322.85156800000004
0,233.28942224136807,288.3162213333334
