Deciles,pred_total_spend,actual_total_spend
9,819.2229716346434,897.8629959420298
8,624.049556339599,688.3692839650147
7,534.2624544904954,586.9698121546965
6,472.0395524478855,524.0802994285712
5,423.58846047651303,464.71012544378675
4,380.64231019935215,419.0382464088401
3,340.1539321288417,393.30465571847515
2,313.04964060698785,347.2053150837989
1,281.2339401326955,319.828194285714
0,235.9109603830538,270.04286951566945
